"","Team","estimate","SE","quasiSE","quasiVar","Std. Error","z value","Pr(>|z|)"
"1","GAMMA.Augsburg",0.177386447088758,0.4243392292338,0.299690540040432,0.0898144197897259,0.4243392292338,0.418029809332152,0.675925322632279
"2","GAMMA.Bayer.Leverkusen",0.663903385944905,0.425590105714352,0.300018161504069,0.0900108972322815,0.425590105714352,1.55995963494157,0.118769420342156
"3","GAMMA.Bayern.München",2.37622994874482,0.463634497551306,0.34874096768901,0.121620262544667,0.463634497551306,5.12522247868725,2.97186612360782e-07
"4","GAMMA.Borussia.Dortmund",0.760710903556339,0.426230345236253,0.300676780359981,0.0904065262476444,0.426230345236253,1.78474130727292,0.0743032874238336
"5","GAMMA.Borussia.M.gladbach",0.365782982252895,0.424443318685738,0.299237993333595,0.0895433766543166,0.424443318685738,0.861794652311925,0.388800528218716
"6","GAMMA.Eintracht.Frankfurt",0.474624443521175,0.424720692143513,0.299307984220418,0.08958526941809,0.424720692143513,1.11749781044527,0.263781535251874
"7","GAMMA.Freiburg",-0.238848801289337,0.425815900239187,0.303258702724713,0.0919658407782757,0.425815900239187,-0.560920344109208,0.574851840564976
"8","GAMMA.Hamburger.SV",-0.436901955857413,0.427389701044791,0.306229754258213,0.0937766623930454,0.427389701044791,-1.02225663086726,0.306659453860693
"9","GAMMA.Hannover.96",0.0534453313635032,0.424530422791111,0.300382180336749,0.0902294542638593,0.424530422791111,0.125892818262876,0.899816767641613
"10","GAMMA.Hertha.BSC",0.285168002243131,0.424340547752982,0.299343032862151,0.0896062513231107,0.424340547752982,0.672026285852686,0.501566962385016
"11","GAMMA.Hoffenheim",0.88644633888879,0.427267833751075,0.301839694973588,0.0911072014617487,0.427267833751075,2.07468540542003,0.0380157008780889
"12","GAMMA.Köln",-0.659366696631111,0.42990208507049,0.31061012829096,0.0964786517969269,0.42990208507049,-1.53376017360557,0.125088664137605
"13","GAMMA.Mainz.05",-0.20766240362118,0.42562121414309,0.302867141499169,0.0917285053998779,0.42562121414309,-0.487904260221781,0.625617656781068
"14","GAMMA.RB.Leipzig",0.557599723768033,0.425040734436144,0.299526531768538,0.0897161432332892,0.425040734436144,1.31187361255561,0.189562782182373
"15","GAMMA.Schalke.04",1.0290948203838,0.428739220378745,0.303592844340561,0.0921686151347921,0.428739220378745,2.40028150322871,0.0163824678423534
"16","GAMMA.Stuttgart",0.262878494445475,0.424327529203084,0.299395450031939,0.0896376354998275,0.424327529203084,0.619517887371528,0.535575241857659
"17","GAMMA.Werder.Bremen",0.187355097388245,0.424332820530298,0.299648461810984,0.0897892006656888,0.424332820530298,0.441528649973629,0.658830325051324
"18","GAMMA.Wolfsburg",0,0,0.300776931367969,0.0904667624431321,NA,NA,0
